polish,english,category,example_pl,example_en,accepted_answers,frequency_rank
potrzeby,needs,misc,Słowo: potrzeby.,The word: needs.,"[""needs""]",1
biały,white,misc,Słowo: biały.,Word: white.,"[""white""]",2
pełne,full,adjective,To jest bardzo pełne.,It is very full.,"[""full""]",3
energii,energies,misc,Słowo: energii.,Word: energy.,"[""energies""]",4
ziemia,land,misc,Słowo: ziemia.,The word: land.,"[""land""]",5
wujek,uncle,noun,Widzę wujek tutaj.,I see an uncle here.,"[""uncle""]",6
ruchy,moves,misc,Słowo: ruchy.,The word: movements.,"[""moves""]",7
zostali,have been,misc,Słowo: zostali.,Word: have been.,"[""have been""]",8
liceum,high school,misc,Słowo: liceum.,The word: high school.,"[""high school""]",9
pieprzyć,fuck,verb,Lubię pieprzyć.,I like to fuck.,"[""fuck""]",10
równie,equally,adverb,Mówię równie po polsku.,I speak equally in Polish.,"[""equally""]",11
nieba,heaven,misc,Słowo: nieba.,Word: heaven.,"[""heaven""]",12
podróży,travel,misc,Słowo: podróży.,Word: travel.,"[""travel""]",13
ataku,attack,misc,Słowo: ataku.,Word: attack.,"[""attack""]",14
zachować,keep,verb,Muszę zachować dzisiaj.,I have to keep today.,"[""keep""]",15
wiary,faith,misc,Słowo: wiary.,Word: faith.,"[""faith""]",16
pieprzony,fucking,adjective,To jest bardzo pieprzony.,This is very peppy.,"[""fucking""]",17
zamknięte,closed,misc,Słowo: zamknięte.,Word: closed.,"[""closed""]",18
dostęp,access,misc,Słowo: dostęp.,Word: access.,"[""access""]",19
akcji,shares,misc,Słowo: akcji.,Word: action.,"[""shares""]",20
idą,go,misc,Słowo: idą.,The word: they are going.,"[""go""]",21
dobrych,good,misc,Słowo: dobrych.,Word: good ones.,"[""good""]",22
złym,bad,misc,Słowo: złym.,Word: bad.,"[""bad""]",23
znacznie,significantly,adverb,Mówię znacznie po polsku.,I speak significantly in Polish.,"[""significantly""]",24
pochodzi,comes from,misc,Słowo: pochodzi.,Word: originated.,"[""comes from""]",25
sierżancie,sergeant,noun,Widzę sierżancie tutaj.,I see the sergeant here.,"[""sergeant""]",26
stracił,lost,misc,Słowo: stracił.,The word: lost.,"[""lost""]",27
warte,worth,misc,Słowo: warte.,Word: worth.,"[""worth""]",28
wracamy,back,misc,Słowo: wracamy.,Word: we're back.,"[""back""]",29
odszedł,gone,misc,Słowo: odszedł.,The word: gone.,"[""gone""]",30
szkodzi,harms,misc,Słowo: szkodzi.,The word: harm.,"[""harms""]",31
czasy,times,misc,Słowo: czasy.,The word: times.,"[""times""]",32
milion,million,misc,Słowo: milion.,The word: million.,"[""million""]",33
luke,luke,misc,Słowo: luke.,Word: luke.,"[""luke""]",34
pytam,I ask,misc,Słowo: pytam.,Word: question.,"[""i ask""]",35
pięciu,five,misc,Słowo: pięciu.,Word: five.,"[""five""]",36
domem,home,misc,Słowo: domem.,The word: home.,"[""home""]",37
budynek,building,noun,To jest budynek.,This is a building.,"[""building""]",38
szefa,head of,misc,Słowo: szefa.,The word: boss.,"[""head of""]",39
zajmuje,occupies,misc,Słowo: zajmuje.,Word: occupies.,"[""occupies""]",40
mogłaby,could,misc,Słowo: mogłaby.,Word: could.,"[""could""]",41
celem,purpose,misc,Słowo: celem.,Word: target.,"[""purpose""]",42
nr,No.,misc,Słowo: nr.,Word: no.,"[""no.""]",43
mogłaś,you could,misc,Słowo: mogłaś.,Word: you could.,"[""you could""]",44
daję,I give,misc,Słowo: daję.,Word: give.,"[""i give""]",45
przejmuj,take over,misc,Słowo: przejmuj.,Word: take over.,"[""take over""]",46
sprzedać,sell,verb,Lubię sprzedać.,I like to sell.,"[""sell""]",47
umowę,contract,misc,Słowo: umowę.,Word: contract.,"[""contract""]",48
córką,daughter of,misc,Słowo: córką.,Word: daughter.,"[""daughter of""]",49
pojechać,go,verb,Lubię pojechać.,I like to go.,"[""go""]",50
drogą,via,misc,Słowo: drogą.,Word: by road.,"[""via""]",51
porozmawiamy,we'll talk,misc,Słowo: porozmawiamy.,Word: we will talk.,"[""we'll talk""]",52
pomocą,help,misc,Słowo: pomocą.,Word: help.,"[""help""]",53
założyć,set up,verb,Muszę założyć dzisiaj.,I have to put on today.,"[""set up""]",54
znalazła,found,misc,Słowo: znalazła.,The word: found.,"[""found""]",55
matt,matt,misc,Słowo: matt.,Word: matt.,"[""matt""]",56
wynocha,get out,misc,Słowo: wynocha.,The word: get out.,"[""get out""]",57
zobaczy,will see,misc,Słowo: zobaczy.,The word: will see.,"[""will see""]",58
mamie,mom,misc,Słowo: mamie.,Word: mom.,"[""mom""]",59
dotykaj,touch,misc,Słowo: dotykaj.,The word: touch.,"[""touch""]",60
waszym,your,misc,Słowo: waszym.,Word: your.,"[""your""]",61
nazywają,call,misc,Słowo: nazywają.,Word: call.,"[""call""]",62
miały,had,misc,Słowo: miały.,Word: they had.,"[""had""]",63
słyszałaś,have you heard,misc,Słowo: słyszałaś.,Word: you heard.,"[""have you heard""]",64
zaczniemy,start,misc,Słowo: zaczniemy.,Word: we'll get started.,"[""start""]",65
gdybyśmy,if we,misc,Słowo: gdybyśmy.,Word: if.,"[""if we""]",66
język,language,misc,Słowo: język.,The word: language.,"[""language""]",67
duża,large,misc,Słowo: duża.,Word: big.,"[""large""]",68
byłaby,would be,misc,Słowo: byłaby.,The word: would be.,"[""would be""]",69
pistolet,gun,misc,Słowo: pistolet.,The word: gun.,"[""gun""]",70
that,that,misc,Słowo: that.,Word: that.,"[""that""]",71
możliwość,possibility,noun,To jest możliwość.,This is a possibility.,"[""possibility""]",72
mężczyźni,men,misc,Słowo: mężczyźni.,The word: men.,"[""men""]",73
auto,auto,misc,Słowo: auto.,Word: auto.,"[""auto""]",74
poznałem,met,misc,Słowo: poznałem.,Word: met.,"[""met""]",75
trwa,ongoing,adjective,To jest bardzo trwa.,It is very much ongoing.,"[""ongoing""]",76
łatwe,easy,adjective,To jest bardzo łatwe.,This is very easy.,"[""easy""]",77
musiałeś,you must have,misc,Słowo: musiałeś.,Word: you had to.,"[""you must have""]",78
żyję,I live,misc,Słowo: żyję.,Word: I'm alive.,"[""i live""]",79
restauracji,restaurants,misc,Słowo: restauracji.,Word: restaurants.,"[""restaurants""]",80
próbujesz,you try,misc,Słowo: próbujesz.,Word: you try.,"[""you try""]",81
bólu,pain,misc,Słowo: bólu.,The word: pain.,"[""pain""]",82
czterech,four,misc,Słowo: czterech.,Word: four.,"[""four""]",83
zaczęła,started,misc,Słowo: zaczęła.,The word: started.,"[""started""]",84
dupy,asses,misc,Słowo: dupy.,Word: assholes.,"[""asses""]",85
proces,process,misc,Słowo: proces.,The word: process.,"[""process""]",86
wierzy,believes,misc,Słowo: wierzy.,The word: believes.,"[""believes""]",87
obudź,wake up,misc,Słowo: obudź.,Word: wake up.,"[""wake up""]",88
jedziesz,you go,misc,Słowo: jedziesz.,The word: go.,"[""you go""]",89
kwiaty,flowers,misc,Słowo: kwiaty.,The word: flowers.,"[""flowers""]",90
dave,dave,misc,Słowo: dave.,Word: dave.,"[""dave""]",91
mogłoby,could,misc,Słowo: mogłoby.,Word: could.,"[""could""]",92
spędzić,spend,verb,Lubię spędzić.,I like to spend.,"[""spend""]",93
winny,guilty,adjective,To jest bardzo winny.,It's very guilty.,"[""guilty""]",94
ufać,trust,verb,Lubię ufać.,I like to trust.,"[""trust""]",95
układ,layout,misc,Słowo: układ.,Word: layout.,"[""layout""]",96
przeszkadza,disturbs,misc,Słowo: przeszkadza.,The word: obstructive.,"[""disturbs""]",97
pokładzie,board,misc,Słowo: pokładzie.,Word: deck.,"[""board""]",98
new,new,misc,Słowo: new.,Word: new.,"[""new""]",99
własnym,own,misc,Słowo: własnym.,Word: own.,"[""own""]",100
poprzez,via,misc,Słowo: poprzez.,Word: through.,"[""via""]",101
znajduje,finds,misc,Słowo: znajduje.,Word: finds.,"[""finds""]",102
jerry,jerry,misc,Słowo: jerry.,Word: jerry.,"[""jerry""]",103
upewnić,make sure,verb,Lubię upewnić.,I like to make sure.,"[""make sure""]",104
babcia,grandmother,misc,Słowo: babcia.,Word: grandmother.,"[""grandmother""]",105
zmęczony,tired,adjective,To jest bardzo zmęczony.,It is very tired.,"[""tired""]",106
umiesz,you can,misc,Słowo: umiesz.,Word: you know how to.,"[""you can""]",107
winy,faults,adjective,To jest bardzo winy.,It is very much to blame.,"[""faults""]",108
carter,carter,misc,Słowo: carter.,Word: carter.,"[""carter""]",109
jakiejś,some,misc,Słowo: jakiejś.,Word: some.,"[""some""]",110
czasów,times,misc,Słowo: czasów.,Word: times.,"[""times""]",111
bank,bank,misc,Słowo: bank.,Word: bank.,"[""bank""]",112
zmienił,changed,misc,Słowo: zmienił.,Word: changed.,"[""changed""]",113
posłuchać,listen to,verb,Lubię posłuchać.,I like to listen.,"[""listen to""]",114
wróciłem,returned,misc,Słowo: wróciłem.,Word: I'm back.,"[""returned""]",115
ku,towards,misc,Słowo: ku.,Word: ku.,"[""towards""]",116
dałeś,you gave,misc,Słowo: dałeś.,Word: you gave.,"[""you gave""]",117
opowiedz,tell,misc,Słowo: opowiedz.,Word: tell.,"[""tell""]",118
seksu,sex,misc,Słowo: seksu.,Word: sex.,"[""sex""]",119
następne,next,adjective,To jest bardzo następne.,This is very next.,"[""next""]",120
ducha,spirit,misc,Słowo: ducha.,Word: spirit.,"[""spirit""]",121
konia,horse,misc,Słowo: konia.,The word: horse.,"[""horse""]",122
clark,clark,misc,Słowo: clark.,Word: clark.,"[""clark""]",123
wyszło,came out,misc,Słowo: wyszło.,Word: it went out.,"[""came out""]",124
wyobrazić,image,verb,Lubię wyobrazić.,I like to imagine.,"[""image""]",125
pete,pete,misc,Słowo: pete.,Word: pete.,"[""pete""]",126
strach,fear,misc,Słowo: strach.,The word: fear.,"[""fear""]",127
alarm,alarm,misc,Słowo: alarm.,The word: alarm.,"[""alarm""]",128
joey,joey,misc,Słowo: joey.,Word: joey.,"[""joey""]",129
eric,eric,misc,Słowo: eric.,Word: eric.,"[""eric""]",130
wolności,freedoms,misc,Słowo: wolności.,Word: freedoms.,"[""freedoms""]",131
dostałeś,got,misc,Słowo: dostałeś.,Word: you got it.,"[""got""]",132
robiłem,I did,misc,Słowo: robiłem.,Word: done.,"[""i did""]",133
leo,leo,misc,Słowo: leo.,Word: leo.,"[""leo""]",134
teren,site,misc,Słowo: teren.,The word: terrain.,"[""site""]",135
kontroli,control,misc,Słowo: kontroli.,Word: control.,"[""control""]",136
pociąg,train,misc,Słowo: pociąg.,The word: train.,"[""train""]",137
siostrę,sister,misc,Słowo: siostrę.,Word: sister.,"[""sister""]",138
skrzywdzić,harm,verb,Lubię skrzywdzić.,I like to hurt.,"[""harm""]",139
waszą,your,misc,Słowo: waszą.,The word: yours.,"[""your""]",140
zapach,smell,misc,Słowo: zapach.,The word: fragrance.,"[""smell""]",141
śpi,sleeps,misc,Słowo: śpi.,The word: asleep.,"[""sleeps""]",142
mogliśmy,we could,misc,Słowo: mogliśmy.,Word: we could.,"[""we could""]",143
wyglądało,looked,misc,Słowo: wyglądało.,The word: looked.,"[""looked""]",144
ufam,I trust,misc,Słowo: ufam.,The word: trust.,"[""i trust""]",145
ted,ted,misc,Słowo: ted.,Word: ted.,"[""ted""]",146
przyjdę,come,misc,Słowo: przyjdę.,Word: I will come.,"[""come""]",147
rozkazy,orders,misc,Słowo: rozkazy.,The word: orders.,"[""orders""]",148
parku,park,misc,Słowo: parku.,Word: park.,"[""park""]",149
uczyć,teach,verb,Lubię uczyć.,I like to teach.,"[""teach""]",150
sumie,total,misc,Słowo: sumie.,Word: total.,"[""total""]",151
najważniejsze,highlights,misc,Słowo: najważniejsze.,Word: most important.,"[""highlights""]",152
zadzwonił,called,misc,Słowo: zadzwonił.,Word: he called.,"[""called""]",153
zabójca,killer,misc,Słowo: zabójca.,The word: killer.,"[""killer""]",154
osobę,person,misc,Słowo: osobę.,Word: person.,"[""person""]",155
zdarza,happens,misc,Słowo: zdarza.,The word: happens.,"[""happens""]",156
pamięć,memory,misc,Słowo: pamięć.,The word: memory.,"[""memory""]",157
duch,spirit,misc,Słowo: duch.,The word: spirit.,"[""spirit""]",158
annie,annie,adverb,Mówię annie po polsku.,I say annie in Polish.,"[""annie""]",159
następnie,then,adverb,Mówię następnie po polsku.,I then speak in Polish.,"[""then""]",160
zacząłem,started,misc,Słowo: zacząłem.,Word: started.,"[""started""]",161
łódź,boat,misc,Słowo: łódź.,Word: boat.,"[""boat""]",162
scott,scott,misc,Słowo: scott.,Word: scott.,"[""scott""]",163
wyjechać,leave,verb,Muszę wyjechać dzisiaj.,I have to leave today.,"[""leave""]",164
waszych,your,misc,Słowo: waszych.,Word: yours.,"[""your""]",165
kontrolę,control,misc,Słowo: kontrolę.,The word: control.,"[""control""]",166
sercu,heart,misc,Słowo: sercu.,Word: heart.,"[""heart""]",167
dostałam,got,misc,Słowo: dostałam.,Word: got it.,"[""got""]",168
interesy,interests,misc,Słowo: interesy.,Word: business.,"[""interests""]",169
strzał,shot,misc,Słowo: strzał.,Word: shot.,"[""shot""]",170
skończył,finished,misc,Słowo: skończył.,The word: finished.,"[""finished""]",171
walka,struggle,noun,To jest walka.,This is a struggle.,"[""struggle""]",172
wszystkimi,all,misc,Słowo: wszystkimi.,Word: all of them.,"[""all""]",173
móc,may,misc,Słowo: móc.,Word: may.,"[""may""]",174
czekajcie,wait,noun,To jest czekajcie.,It's a wait-and-see.,"[""wait""]",175
prawdziwą,real,misc,Słowo: prawdziwą.,Word: real.,"[""real""]",176
ładny,nice,adjective,To jest bardzo ładny.,This is a very nice one.,"[""nice""]",177
zamian,exchanges,misc,Słowo: zamian.,Word: exchange.,"[""exchanges""]",178
sklep,store,misc,Słowo: sklep.,Word: store.,"[""store""]",179
napisał,He wrote,misc,Słowo: napisał.,Word: wrote.,"[""he wrote""]",180
słodki,sweet,misc,Słowo: słodki.,Word: sweet.,"[""sweet""]",181
sądu,court,misc,Słowo: sądu.,Word: court.,"[""court""]",182
filmu,video,misc,Słowo: filmu.,Word: of the movie.,"[""video""]",183
stanu,status,misc,Słowo: stanu.,Word: state.,"[""status""]",184
czytać,read,verb,Muszę czytać dzisiaj.,I need to read today.,"[""read""]",185
wóz,cart,misc,Słowo: wóz.,Word: cart.,"[""cart""]",186
czyżby,be,misc,Słowo: czyżby.,Word: would.,"[""be""]",187
wyluzuj,loosen up,misc,Słowo: wyluzuj.,Word: chill out.,"[""loosen up""]",188
barze,bar,adverb,Mówię barze po polsku.,I speak bar Polish.,"[""bar""]",189
zostawię,I'll leave,misc,Słowo: zostawię.,Word: leave.,"[""i'll leave""]",190
cholernie,damn,adverb,Mówię cholernie po polsku.,I'm speaking bloody Polish.,"[""damn""]",191
najszybciej,fastest,misc,Słowo: najszybciej.,Word: fastest.,"[""fastest""]",192
daniel,daniel,misc,Słowo: daniel.,Word: fallow deer.,"[""daniel""]",193
jenny,jenny,adjective,To jest bardzo jenny.,This is very jenny.,"[""jenny""]",194
niezbyt,not very,misc,Słowo: niezbyt.,Word: not very.,"[""not very""]",195
silny,strong,adjective,To jest bardzo silny.,It is very strong.,"[""strong""]",196
ledwo,barely,misc,Słowo: ledwo.,The word: barely.,"[""barely""]",197
tatuś,daddy,misc,Słowo: tatuś.,Word: daddy.,"[""daddy""]",198
próbowałam,I tried,misc,Słowo: próbowałam.,Word: tried.,"[""i tried""]",199
potrzebna,needed,adjective,To jest bardzo potrzebna.,This is much needed.,"[""needed""]",200
studia,study,misc,Słowo: studia.,Word: studies.,"[""study""]",201
byłbym,I would be,misc,Słowo: byłbym.,Word: would be.,"[""i would be""]",202
cia,cia,misc,Słowo: cia.,Word: cia.,"[""cia""]",203
potrzebować,need,verb,Muszę potrzebować dzisiaj.,I must need today.,"[""need""]",204
towar,merchandise,misc,Słowo: towar.,Word: commodity.,"[""merchandise""]",205
przekazać,donate,verb,Lubię przekazać.,I like to pass on.,"[""donate""]",206
szkoła,school,misc,Słowo: szkoła.,The word: school.,"[""school""]",207
pamięta,remembers,misc,Słowo: pamięta.,The word: remembers.,"[""remembers""]",208
używać,use,verb,Lubię używać.,I like to use.,"[""use""]",209
dan,dan,misc,Słowo: dan.,Word: dan.,"[""dan""]",210
larry,larry,misc,Słowo: larry.,Word: larry.,"[""larry""]",211
park,park,misc,Słowo: park.,The word: park.,"[""park""]",212
cenę,price,misc,Słowo: cenę.,Word: price.,"[""price""]",213
niedaleko,near,noun,Widzę niedaleko tutaj.,I see not far from here.,"[""near""]",214
głęboko,deep,noun,Widzę głęboko tutaj.,I see deeply here.,"[""deep""]",215
ocalić,save,verb,Muszę ocalić dzisiaj.,I have to save today.,"[""save""]",216
psy,dogs,misc,Słowo: psy.,The word: dogs.,"[""dogs""]",217
angeles,angeles,misc,Słowo: angeles.,Word: angeles.,"[""angeles""]",218
spadaj,drop,misc,Słowo: spadaj.,The word: fall.,"[""drop""]",219
kevin,kevin,misc,Słowo: kevin.,Word: kevin.,"[""kevin""]",220
czyni,makes,misc,Słowo: czyni.,Word: makes.,"[""makes""]",221
klubu,club,misc,Słowo: klubu.,Word: club.,"[""club""]",222
przeprosić,apologize,verb,Lubię przeprosić.,I like to apologize.,"[""apologize""]",223
wolność,freedom,noun,Widzę wolność tutaj.,I see freedom here.,"[""freedom""]",224
liczyć,count,verb,Muszę liczyć dzisiaj.,I have to count today.,"[""count""]",225
pewnym,certain,misc,Słowo: pewnym.,Word: certain.,"[""certain""]",226
gościem,guest,misc,Słowo: gościem.,Word: guest.,"[""guest""]",227
dziadek,grandfather,noun,Widzę dziadek tutaj.,I see the grandfather here.,"[""grandfather""]",228
wyglądał,looked,misc,Słowo: wyglądał.,The word: looked.,"[""looked""]",229
gorąco,hot,misc,Słowo: gorąco.,The word: hot.,"[""hot""]",230
przyjaciółka,friend,noun,Widzę przyjaciółka tutaj.,I see a friend here.,"[""friend""]",231
powrót,return,misc,Słowo: powrót.,Word: return.,"[""return""]",232
ręki,hand,misc,Słowo: ręki.,Word: hands.,"[""hand""]",233
cisza,silence,misc,Słowo: cisza.,The word: silence.,"[""silence""]",234
mieszkam,I live,misc,Słowo: mieszkam.,Word: live.,"[""i live""]",235
bezpiecznie,safely,adverb,Mówię bezpiecznie po polsku.,I speak Polish safely.,"[""safely""]",236
czekają,await,misc,Słowo: czekają.,The word: they are waiting.,"[""await""]",237
wróć,return,misc,Słowo: wróć.,Word: return.,"[""return""]",238
byc,be,misc,Słowo: byc.,Word: be.,"[""be""]",239
pole,field,misc,Słowo: pole.,Word: field.,"[""field""]",240
lisa,fox,misc,Słowo: lisa.,Word: fox.,"[""fox""]",241
sto,hundred,misc,Słowo: sto.,Word: one hundred.,"[""hundred""]",242
gdziekolwiek,anywhere,noun,To jest gdziekolwiek.,This is anywhere.,"[""anywhere""]",243
kompletnie,completely,adverb,Mówię kompletnie po polsku.,I speak complete Polish.,"[""completely""]",244
starego,old,misc,Słowo: starego.,Word: old.,"[""old""]",245
byliście,you were,noun,To jest byliście.,This is a former.,"[""you were""]",246
mistrzu,master,misc,Słowo: mistrzu.,Word: champion.,"[""master""]",247
przeszłość,past,noun,To jest przeszłość.,This is the past.,"[""past""]",248
jutra,tomorrow's,misc,Słowo: jutra.,The word: tomorrow's.,"[""tomorrow's""]",249
normalnie,normally,adverb,Mówię normalnie po polsku.,I speak normal Polish.,"[""normally""]",250
stóp,feet,misc,Słowo: stóp.,Word: feet.,"[""feet""]",251
siłę,strength,misc,Słowo: siłę.,Word: strength.,"[""strength""]",252
zechcesz,want,misc,Słowo: zechcesz.,Word: will.,"[""want""]",253
przyszłam,came,misc,Słowo: przyszłam.,Word: came.,"[""came""]",254
tamtego,that,misc,Słowo: tamtego.,Word: that one.,"[""that""]",255
bezpieczny,safe,adjective,To jest bardzo bezpieczny.,It is very safe.,"[""safe""]",256
klientów,customers,misc,Słowo: klientów.,Word: customers.,"[""customers""]",257
auta,cars,misc,Słowo: auta.,The word: autos.,"[""cars""]",258
duszę,soul,misc,Słowo: duszę.,The word: soul.,"[""soul""]",259
poprostu,just,misc,Słowo: poprostu.,Word: simply.,"[""just""]",260
sądziłem,thought,misc,Słowo: sądziłem.,Word: judged.,"[""thought""]",261
przyjechał,arrived,misc,Słowo: przyjechał.,The word: arrived.,"[""arrived""]",262
sztuki,arts,misc,Słowo: sztuki.,Word: arts.,"[""arts""]",263
przyniosę,I'll bring,misc,Słowo: przyniosę.,Word: I will bring.,"[""i'll bring""]",264
oczywiste,obvious,misc,Słowo: oczywiste.,Word: obvious.,"[""obvious""]",265
pewność,assurance,noun,To jest pewność.,This is a certainty.,"[""assurance""]",266
zadowolony,pleased,adjective,To jest bardzo zadowolony.,It is very satisfied.,"[""pleased""]",267
dzwonię,I call,misc,Słowo: dzwonię.,Word: calling.,"[""i call""]",268
pierdol,fuck,misc,Słowo: pierdol.,Word: fuck.,"[""fuck""]",269
gwiazdy,stars,misc,Słowo: gwiazdy.,Word: stars.,"[""stars""]",270
planu,plan,misc,Słowo: planu.,Word: plan.,"[""plan""]",271
charles,charles,misc,Słowo: charles.,Word: charles.,"[""charles""]",272
kotku,cat,misc,Słowo: kotku.,Word: cat.,"[""cat""]",273
napisane,written,adjective,To jest bardzo napisane.,This is very much written.,"[""written""]",274
ukryć,hide,verb,Lubię ukryć.,I like to hide.,"[""hide""]",275
rozmowa,interview,adjective,To jest bardzo rozmowa.,It is very much a conversation piece.,"[""interview""]",276
najlepszych,best,misc,Słowo: najlepszych.,Word: the best.,"[""best""]",277
długa,long,misc,Słowo: długa.,Word: long.,"[""long""]",278
normalne,normal,adjective,To jest bardzo normalne.,This is very normal.,"[""normal""]",279
przynieść,bring,misc,Słowo: przynieść.,Word: bring.,"[""bring""]",280
jakich,of which,misc,Słowo: jakich.,Word: which ones.,"[""of which""]",281
rose,rose,misc,Słowo: rose.,Word: rose.,"[""rose""]",282
piątek,Friday,noun,Widzę piątek tutaj.,I see Friday here.,"[""friday""]",283
bierzesz,you take,misc,Słowo: bierzesz.,Word: you take.,"[""you take""]",284
wyjdziesz,come out,misc,Słowo: wyjdziesz.,Word: you will leave.,"[""come out""]",285
matko,mother,noun,Widzę matko tutaj.,I can see the mother here.,"[""mother""]",286
potrwa,will last,adjective,To jest bardzo potrwa.,It's going to take a lot of time.,"[""will last""]",287
biorąc,taking,misc,Słowo: biorąc.,Word: taking.,"[""taking""]",288
wątpliwości,doubts,misc,Słowo: wątpliwości.,Word: doubt.,"[""doubts""]",289
czasach,times,misc,Słowo: czasach.,Word: times.,"[""times""]",290
pamięci,memories,misc,Słowo: pamięci.,Word: memory.,"[""memories""]",291
chicago,chicago,misc,Słowo: chicago.,Word: chicago.,"[""chicago""]",292
mego,my,misc,Słowo: mego.,Word: mego.,"[""my""]",293
wolne,free,adjective,To jest bardzo wolne.,It is very slow.,"[""free""]",294
zero,zero,misc,Słowo: zero.,Word: zero.,"[""zero""]",295
którymi,by which,misc,Słowo: którymi.,Word: with which.,"[""by which""]",296
niebo,sky,misc,Słowo: niebo.,The word: heaven.,"[""sky""]",297
dokumenty,documents,misc,Słowo: dokumenty.,Word: documents.,"[""documents""]",298
śmieci,garbage,misc,Słowo: śmieci.,The word: garbage.,"[""garbage""]",299
drużyny,teams,adjective,To jest bardzo drużyny.,It is very much a team.,"[""teams""]",300
najlepszą,best,misc,Słowo: najlepszą.,Word: best.,"[""best""]",301
impreza,event,misc,Słowo: impreza.,The word: party.,"[""event""]",302
powinniście,you should,noun,Widzę powinniście tutaj.,I see you should here.,"[""you should""]",303
żebyście,so that you,noun,To jest żebyście.,It is to make you.,"[""so that you""]",304
nawzajem,each other,misc,Słowo: nawzajem.,Word: each other.,"[""each other""]",305
zajęcia,activities,misc,Słowo: zajęcia.,Word: activities.,"[""activities""]",306
piłkę,ball,misc,Słowo: piłkę.,The word: ball.,"[""ball""]",307
spotkałem,met,misc,Słowo: spotkałem.,Word: met.,"[""met""]",308
głową,head,misc,Słowo: głową.,Word: head.,"[""head""]",309
samobójstwo,suicide,noun,To jest samobójstwo.,This is suicide.,"[""suicide""]",310
problemem,problem,misc,Słowo: problemem.,Word: problem.,"[""problem""]",311
klucze,keys,misc,Słowo: klucze.,Word: keys.,"[""keys""]",312
minutę,minute,misc,Słowo: minutę.,Word: minute.,"[""minute""]",313
ryzyko,risk,noun,To jest ryzyko.,That's the risk.,"[""risk""]",314
pomógł,helped,misc,Słowo: pomógł.,Word: helped.,"[""helped""]",315
boi,boi,misc,Słowo: boi.,Word: boi.,"[""boi""]",316
patrzysz,you're looking,misc,Słowo: patrzysz.,Word: you are looking.,"[""you're looking""]",317
dziewczyn,girls,misc,Słowo: dziewczyn.,Word: girls.,"[""girls""]",318
kamery,cameras,misc,Słowo: kamery.,The word: cameras.,"[""cameras""]",319
tygodnia,week,misc,Słowo: tygodnia.,Word of the week.,"[""week""]",320
fajne,cool,adjective,To jest bardzo fajne.,This is very cool.,"[""cool""]",321
udawać,pretend,verb,Lubię udawać.,I like to pretend.,"[""pretend""]",322
wyciągnąć,pull,verb,Lubię wyciągnąć.,I like to pull out.,"[""pull""]",323
chora,sick,misc,Słowo: chora.,Word: sick.,"[""sick""]",324
łatwiej,easier,misc,Słowo: łatwiej.,Word: easier.,"[""easier""]",325
grace,grace,misc,Słowo: grace.,Word: grace.,"[""grace""]",326
odpowiada,answers,misc,Słowo: odpowiada.,Word: answers.,"[""answers""]",327
siostro,sister,misc,Słowo: siostro.,Word: sister.,"[""sister""]",328
waszego,your,misc,Słowo: waszego.,Word: yours.,"[""your""]",329
zostaną,will be,misc,Słowo: zostaną.,Word: they will stay.,"[""will be""]",330
wspomnienia,memories,noun,Widzę wspomnienia tutaj.,I see the memories here.,"[""memories""]",331
ofiar,victims,misc,Słowo: ofiar.,Word: victims.,"[""victims""]",332
dziwny,strange,adjective,To jest bardzo dziwny.,This is a very strange one.,"[""strange""]",333
bezpieczna,safe,adjective,To jest bardzo bezpieczna.,It is very safe.,"[""safe""]",334
północy,midnight,misc,Słowo: północy.,Word: midnight.,"[""midnight""]",335
nos,nose,misc,Słowo: nos.,The word: nose.,"[""nose""]",336
wymaga,requires,misc,Słowo: wymaga.,The word: requires.,"[""requires""]",337
okazało,proved,misc,Słowo: okazało.,Word: turned out.,"[""proved""]",338
podejdź,approach,misc,Słowo: podejdź.,Word: approach.,"[""approach""]",339
wykorzystać,leverage,verb,Muszę wykorzystać dzisiaj.,I need to take advantage today.,"[""leverage""]",340
lucy,lucy,misc,Słowo: lucy.,Word: lucy.,"[""lucy""]",341
poradzić,advise,verb,Lubię poradzić.,I like to advise.,"[""advise""]",342
wino,wine,misc,Słowo: wino.,The word: wine.,"[""wine""]",343
badań,research,misc,Słowo: badań.,Word: research.,"[""research""]",344
prezydenta,president,misc,Słowo: prezydenta.,Word: president.,"[""president""]",345
czynienia,deal,noun,To jest czynienia.,Here's the deal.,"[""deal""]",346
ranny,injured,adjective,To jest bardzo ranny.,It is very wounded.,"[""injured""]",347
znaleziono,found,misc,Słowo: znaleziono.,Word: found.,"[""found""]",348
punkcie,point,noun,Widzę punkcie tutaj.,I see the point here.,"[""point""]",349
większe,larger,misc,Słowo: większe.,Word: bigger.,"[""larger""]",350
generale,general,misc,Słowo: generale.,Word: general.,"[""general""]",351
trakcie,during,noun,Widzę trakcie tutaj.,I see a course of action here.,"[""during""]",352
pojawił,appeared,misc,Słowo: pojawił.,Word: appeared.,"[""appeared""]",353
alan,alan,misc,Słowo: alan.,Word: alan.,"[""alan""]",354
narkotyki,drugs,misc,Słowo: narkotyki.,The word: drugs.,"[""drugs""]",355
bycia,being,misc,Słowo: bycia.,The word: being.,"[""being""]",356
wchodzi,enters,misc,Słowo: wchodzi.,Word: enters.,"[""enters""]",357
idealnie,perfectly,adverb,Mówię idealnie po polsku.,I speak perfect Polish.,"[""perfectly""]",358
projekt,project,misc,Słowo: projekt.,The word: design.,"[""project""]",359
pańskie,your,adjective,To jest bardzo pańskie.,This is very much yours.,"[""your""]",360
zęby,teeth,misc,Słowo: zęby.,The word: teeth.,"[""teeth""]",361
zamiaru,intention,misc,Słowo: zamiaru.,The word: intent.,"[""intention""]",362
wiedziałaś,did you know,misc,Słowo: wiedziałaś.,Word: you knew.,"[""did you know""]",363
zmiana,change,adjective,To jest bardzo zmiana.,This is very much a change.,"[""change""]",364
szlag,hits,misc,Słowo: szlag.,Word: hits.,"[""hits""]",365
sekret,secret,misc,Słowo: sekret.,Word: secret.,"[""secret""]",366
południe,south,adverb,Mówię południe po polsku.,I speak southern Polish.,"[""south""]",367
okoliczności,circumstances,misc,Słowo: okoliczności.,Word: circumstances.,"[""circumstances""]",368
pospiesz,hurry,misc,Słowo: pospiesz.,Word: hurry.,"[""hurry""]",369
państwa,states,adjective,To jest bardzo państwa.,This is very much of you.,"[""states""]",370
naprawde,naprawde,misc,Słowo: naprawde.,Word: naprawde.,"[""naprawde""]",371
tęsknię,I miss,misc,Słowo: tęsknię.,Word: miss.,"[""i miss""]",372
ciężkie,heavy,misc,Słowo: ciężkie.,Word: heavy.,"[""heavy""]",373
dupek,asshole,noun,Widzę dupek tutaj.,I see a dupe here.,"[""asshole""]",374
zadać,inflict,verb,Lubię zadać.,I like to ask.,"[""inflict""]",375
zabili,killed,misc,Słowo: zabili.,The word: killed.,"[""killed""]",376
chuck,chuck,misc,Słowo: chuck.,Word: chuck.,"[""chuck""]",377
aha,aha,misc,Słowo: aha.,Word: aha.,"[""aha""]",378
sklepie,store,misc,Słowo: sklepie.,Word: store.,"[""store""]",379
połowę,half,misc,Słowo: połowę.,Word: half.,"[""half""]",380
konieczne,necessary,adjective,To jest bardzo konieczne.,This is very necessary.,"[""necessary""]",381
jazdy,drives,misc,Słowo: jazdy.,Word: driving.,"[""drives""]",382
km,km,misc,Słowo: km.,Word: km.,"[""km""]",383
zrobione,done,adjective,To jest bardzo zrobione.,It is very much done.,"[""done""]",384
przyjaciółką,friend,misc,Słowo: przyjaciółką.,Word: friend.,"[""friend""]",385
sytuację,situation,misc,Słowo: sytuację.,Word: situation.,"[""situation""]",386
powinny,should,adjective,To jest bardzo powinny.,This is very much should.,"[""should""]",387
będąc,being,misc,Słowo: będąc.,Word: being.,"[""being""]",388
troszkę,bit,misc,Słowo: troszkę.,Word: a little.,"[""bit""]",389
umarła,died,misc,Słowo: umarła.,The word: died.,"[""died""]",390
zrobienia,make,noun,Widzę zrobienia tutaj.,I can see the work being done here.,"[""make""]",391
zeszłej,last,misc,Słowo: zeszłej.,Word: past.,"[""last""]",392
zabrali,they took,misc,Słowo: zabrali.,Word: they took.,"[""they took""]",393
zaczekać,wait,verb,Lubię zaczekać.,I like to wait.,"[""wait""]",394
pozwala,allows,misc,Słowo: pozwala.,Word: allows.,"[""allows""]",395
trzeci,third,misc,Słowo: trzeci.,Word: third.,"[""third""]",396
adam,adam,misc,Słowo: adam.,Word: adam.,"[""adam""]",397
okazję,opportunity,misc,Słowo: okazję.,Word: opportunity.,"[""opportunity""]",398
stole,table,misc,Słowo: stole.,Word: table.,"[""table""]",399
patrzę,I'm looking,misc,Słowo: patrzę.,The word: I'm looking.,"[""i'm looking""]",400
napisać,write,verb,Lubię napisać.,I like to write.,"[""write""]",401
podobnie,likewise,adverb,Mówię podobnie po polsku.,I speak Polish similarly.,"[""likewise""]",402
nadszedł,coming,misc,Słowo: nadszedł.,Word: it has arrived.,"[""coming""]",403
łodzi,boats,misc,Słowo: łodzi.,Word: boats.,"[""boats""]",404
setki,hundreds,misc,Słowo: setki.,Word: hundreds.,"[""hundreds""]",405
chłopakiem,boyfriend,misc,Słowo: chłopakiem.,Word: boyfriend.,"[""boyfriend""]",406
zabiła,killed,misc,Słowo: zabiła.,The word: killed.,"[""killed""]",407
samych,alone,misc,Słowo: samych.,Word: themselves.,"[""alone""]",408
chcieliśmy,we wanted,misc,Słowo: chcieliśmy.,Word: we wanted to.,"[""we wanted""]",409
maggie,maggie,misc,Słowo: maggie.,Word: maggie.,"[""maggie""]",410
wujku,uncle,misc,Słowo: wujku.,Word: uncle.,"[""uncle""]",411
radio,radio,misc,Słowo: radio.,Word: radio.,"[""radio""]",412
wydawało,seemed,misc,Słowo: wydawało.,The word: spent.,"[""seemed""]",413
twoimi,your,misc,Słowo: twoimi.,Word: yours.,"[""your""]",414
poszedłem,I went,misc,Słowo: poszedłem.,The word: I went.,"[""i went""]",415
misji,missions,misc,Słowo: misji.,Word: missions.,"[""missions""]",416
susan,susan,misc,Słowo: susan.,Word: susan.,"[""susan""]",417
sa,sa,misc,Słowo: sa.,Word: sa.,"[""sa""]",418
odciski,prints,adjective,To jest bardzo odciski.,It is very imprinted.,"[""prints""]",419
dziewczynki,girls,misc,Słowo: dziewczynki.,Word: girls.,"[""girls""]",420
najmniej,least,misc,Słowo: najmniej.,Word: least.,"[""least""]",421
chłopcem,boy,misc,Słowo: chłopcem.,Word: boy.,"[""boy""]",422
spodnie,pants,adverb,Mówię spodnie po polsku.,I say pants in Polish.,"[""pants""]",423
show,show,misc,Słowo: show.,The word: show.,"[""show""]",424
siostrą,sister,misc,Słowo: siostrą.,Word: sister.,"[""sister""]",425
kelly,kelly,misc,Słowo: kelly.,Word: kelly.,"[""kelly""]",426
karen,karen,misc,Słowo: karen.,Word: karen.,"[""karen""]",427
kwestia,issue,misc,Słowo: kwestia.,Word: issue.,"[""issue""]",428
wyjdę,I'll leave,misc,Słowo: wyjdę.,Word: I will leave.,"[""i'll leave""]",429
zobaczył,saw,misc,Słowo: zobaczył.,The word: saw.,"[""saw""]",430
umowa,contract,adjective,To jest bardzo umowa.,This is very much a deal.,"[""contract""]",431
kolor,color,misc,Słowo: kolor.,Word: color.,"[""color""]",432
stała,fixed,misc,Słowo: stała.,Word: permanent.,"[""fixed""]",433
zabija,kills,misc,Słowo: zabija.,The word: kills.,"[""kills""]",434
poważne,serious,adjective,To jest bardzo poważne.,This is very serious.,"[""serious""]",435
walter,walter,misc,Słowo: walter.,Word: walter.,"[""walter""]",436
gówna,shits,adjective,To jest bardzo gówna.,This is very much a crap shoot.,"[""shits""]",437
śledztwo,investigation,misc,Słowo: śledztwo.,The word: investigation.,"[""investigation""]",438
czysty,neat,misc,Słowo: czysty.,Word: clean.,"[""neat""]",439
przypuszczam,guess,misc,Słowo: przypuszczam.,Word: suppose.,"[""guess""]",440
chwilą,moment,misc,Słowo: chwilą.,Word: instant.,"[""moment""]",441
nosić,carry,verb,Lubię nosić.,I like to wear.,"[""carry""]",442
bezpieczne,safe,adjective,To jest bardzo bezpieczne.,It is very safe.,"[""safe""]",443
słodkie,sweet,misc,Słowo: słodkie.,Word: sweet.,"[""sweet""]",444
doszło,There was,misc,Słowo: doszło.,Word: occurred.,"[""there was""]",445
cholerny,damn,adjective,To jest bardzo cholerny.,This is very damning.,"[""damn""]",446
biegnij,run,misc,Słowo: biegnij.,The word: run.,"[""run""]",447
dzieciaka,kid,noun,Widzę dzieciaka tutaj.,I see a kid here.,"[""kid""]",448
van,van,misc,Słowo: van.,Word: van.,"[""van""]",449
pańska,your,noun,To jest pańska.,This is yours.,"[""your""]",450
trzymasz,you hold,misc,Słowo: trzymasz.,Word: you hold.,"[""you hold""]",451
pijany,drunk,adjective,To jest bardzo pijany.,It is very drunk.,"[""drunk""]",452
obejrzeć,watch,verb,Lubię obejrzeć.,I like to watch.,"[""watch""]",453
mieszkaniu,apartment,misc,Słowo: mieszkaniu.,Word: housing.,"[""apartment""]",454
rzeczywistości,reality,misc,Słowo: rzeczywistości.,Word: realities.,"[""reality""]",455
jason,jason,misc,Słowo: jason.,Word: jason.,"[""jason""]",456
pełni,full,misc,Słowo: pełni.,Word: fullness.,"[""full""]",457
zrobią,will do,misc,Słowo: zrobią.,Word: they will.,"[""will do""]",458
kieszeni,pockets,misc,Słowo: kieszeni.,Word: pockets.,"[""pockets""]",459
mieszkasz,you live,misc,Słowo: mieszkasz.,Word: you live.,"[""you live""]",460
odpowiedzialny,responsible,adjective,To jest bardzo odpowiedzialny.,This is very responsible.,"[""responsible""]",461
zacznij,start,misc,Słowo: zacznij.,The word: get started.,"[""start""]",462
wsparcie,support,noun,To jest wsparcie.,This is support.,"[""support""]",463
julie,julie,misc,Słowo: julie.,Word: julie.,"[""julie""]",464
mając,having,misc,Słowo: mając.,Word: having.,"[""having""]",465
kościoła,church,misc,Słowo: kościoła.,Word: church.,"[""church""]",466
kupiłem,I bought,misc,Słowo: kupiłem.,Word: bought.,"[""i bought""]",467
czekamy,looking forward,misc,Słowo: czekamy.,Word: we are waiting.,"[""looking forward""]",468
powietrza,air,misc,Słowo: powietrza.,Word: air.,"[""air""]",469
pozwolisz,allow,misc,Słowo: pozwolisz.,Word: allow.,"[""allow""]",470
działo,cannon,misc,Słowo: działo.,The word: cannon.,"[""cannon""]",471
planety,planets,misc,Słowo: planety.,The word: planets.,"[""planets""]",472
bój,fight,misc,Słowo: bój.,The word: battle.,"[""fight""]",473
czerwony,red,adjective,To jest bardzo czerwony.,It is very red.,"[""red""]",474
powodów,reasons,misc,Słowo: powodów.,Word: reasons.,"[""reasons""]",475
muzykę,music,misc,Słowo: muzykę.,Word: music.,"[""music""]",476
lot,flight,misc,Słowo: lot.,The word: flight.,"[""flight""]",477
vegas,vegas,misc,Słowo: vegas.,Word: vegas.,"[""vegas""]",478
świąt,holidays,misc,Słowo: świąt.,Word: holidays.,"[""holidays""]",479
nogę,leg,misc,Słowo: nogę.,Word: leg.,"[""leg""]",480
porucznik,lieutenant,misc,Słowo: porucznik.,Word: lieutenant.,"[""lieutenant""]",481
kłamstwo,lie,noun,To jest kłamstwo.,This is a lie.,"[""lie""]",482
martin,martin,misc,Słowo: martin.,Word: martin.,"[""martin""]",483
żartuję,just kidding,misc,Słowo: żartuję.,Word: I'm kidding.,"[""just kidding""]",484
poczucie,sense,noun,Widzę poczucie tutaj.,I see the feeling here.,"[""sense""]",485
tatą,daddy,misc,Słowo: tatą.,Word: dad.,"[""daddy""]",486
łeb,head,misc,Słowo: łeb.,Word: head.,"[""head""]",487
obecnie,currently,adverb,Mówię obecnie po polsku.,I currently speak Polish.,"[""currently""]",488
zabierzcie,take,noun,Widzę zabierzcie tutaj.,I see take away here.,"[""take""]",489
mieszkać,live,verb,Muszę mieszkać dzisiaj.,I have to live today.,"[""live""]",490
akt,act,misc,Słowo: akt.,Word: act.,"[""act""]",491
narkotyków,drugs,misc,Słowo: narkotyków.,Word: drugs.,"[""drugs""]",492
podobało,liked,misc,Słowo: podobało.,The word: liked.,"[""liked""]",493
kontrolować,control,verb,Lubię kontrolować.,I like to control.,"[""control""]",494
wieczoru,evening,misc,Słowo: wieczoru.,Word: of the evening.,"[""evening""]",495
sprzęt,equipment,misc,Słowo: sprzęt.,The word: equipment.,"[""equipment""]",496
straciliśmy,we lost,misc,Słowo: straciliśmy.,Word: we lost.,"[""we lost""]",497
dajesz,give,misc,Słowo: dajesz.,Word: give.,"[""give""]",498
wsiadaj,get on,misc,Słowo: wsiadaj.,Word: get in.,"[""get on""]",499
piosenkę,song,misc,Słowo: piosenkę.,Word: song.,"[""song""]",500
muzyki,music,misc,Słowo: muzyki.,Word: music.,"[""music""]",501
połóż,put,misc,Słowo: połóż.,Word: lay down.,"[""put""]",502
leki,drugs,misc,Słowo: leki.,The word: drugs.,"[""drugs""]",503
zwierzęta,animals,misc,Słowo: zwierzęta.,Word: animals.,"[""animals""]",504
bilety,tickets,misc,Słowo: bilety.,The word: tickets.,"[""tickets""]",505
mężczyznę,man,misc,Słowo: mężczyznę.,Word: male.,"[""man""]",506
wprost,straightforward,misc,Słowo: wprost.,Word: straightforward.,"[""straightforward""]",507
ameryki,Americas,misc,Słowo: ameryki.,Word: americas.,"[""americas""]",508
zapomniałam,I forgot,misc,Słowo: zapomniałam.,Word: forgotten.,"[""i forgot""]",509
umrę,I will die,misc,Słowo: umrę.,The word: I will die.,"[""i will die""]",510
tatusiu,daddy,misc,Słowo: tatusiu.,Word: daddy.,"[""daddy""]",511
małej,small,misc,Słowo: małej.,Word: small.,"[""small""]",512
napisów,subtitles,misc,Słowo: napisów.,Word: subtitles.,"[""subtitles""]",513
faktycznie,actually,adverb,Mówię faktycznie po polsku.,I actually speak Polish.,"[""actually""]",514
armii,army,misc,Słowo: armii.,Word: army.,"[""army""]",515
dotrzeć,reach,verb,Lubię dotrzeć.,I like to reach.,"[""reach""]",516
kolejna,next,adjective,To jest bardzo kolejna.,This is very next.,"[""next""]",517
pisze,writes,misc,Słowo: pisze.,Word: writes.,"[""writes""]",518
kurs,course,misc,Słowo: kurs.,The word: course.,"[""course""]",519
rzucić,quit,verb,Muszę rzucić dzisiaj.,I have to quit today.,"[""quit""]",520
północ,north,misc,Słowo: północ.,Word: north.,"[""north""]",521
wyjątkiem,except,misc,Słowo: wyjątkiem.,Word: exception.,"[""except""]",522
gejem,gay,misc,Słowo: gejem.,Word: gay.,"[""gay""]",523
znał,knew,misc,Słowo: znał.,Word: he knew.,"[""knew""]",524
bracia,brothers,misc,Słowo: bracia.,Word: brothers.,"[""brothers""]",525
robiłeś,you did,misc,Słowo: robiłeś.,Word: you did.,"[""you did""]",526
n,n,misc,Słowo: n.,Word: n.,"[""n""]",527
ruchu,traffic,misc,Słowo: ruchu.,Word: movement.,"[""traffic""]",528
przyszłym,future,misc,Słowo: przyszłym.,Word: future.,"[""future""]",529
królem,king,misc,Słowo: królem.,Word: king.,"[""king""]",530
patrzy,looks,misc,Słowo: patrzy.,The word: looks.,"[""looks""]",531
żałuję,regret,misc,Słowo: żałuję.,Word: regret.,"[""regret""]",532
dużą,large,misc,Słowo: dużą.,Word: big.,"[""large""]",533
przedstawić,submit,verb,Lubię przedstawić.,I like to introduce.,"[""submit""]",534
czułam,felt,misc,Słowo: czułam.,Word: felt.,"[""felt""]",535
przyjąć,accept,verb,Lubię przyjąć.,I like to accept.,"[""accept""]",536
bomba,bomb,misc,Słowo: bomba.,The word: bomb.,"[""bomb""]",537
klasie,Class,misc,Słowo: klasie.,Word: class.,"[""class""]",538
ukradł,stole,misc,Słowo: ukradł.,The word: stole.,"[""stole""]",539
pisać,write,verb,Lubię pisać.,I like to write.,"[""write""]",540
zdarzyło,happened,misc,Słowo: zdarzyło.,The word: happened.,"[""happened""]",541
zabijać,kill,verb,Muszę zabijać dzisiaj.,I have to kill today.,"[""kill""]",542
dźwięk,sound,misc,Słowo: dźwięk.,Word: sound.,"[""sound""]",543
czysto,purely,misc,Słowo: czysto.,Word: clean.,"[""purely""]",544
przyjemnością,pleasure,misc,Słowo: przyjemnością.,Word: pleasure.,"[""pleasure""]",545
nosi,carries,misc,Słowo: nosi.,Word: carries.,"[""carries""]",546
paru,few,misc,Słowo: paru.,Word: couple.,"[""few""]",547
chłopców,boys,misc,Słowo: chłopców.,Word: boys.,"[""boys""]",548
pracowałem,worked,misc,Słowo: pracowałem.,Word: worked.,"[""worked""]",549
zajęta,busy,misc,Słowo: zajęta.,Word: busy.,"[""busy""]",550
dupku,asshole,misc,Słowo: dupku.,Word: asshole.,"[""asshole""]",551
bzdury,nonsense,misc,Słowo: bzdury.,Word: nonsense.,"[""nonsense""]",552
tv,tv,misc,Słowo: tv.,Word: tv.,"[""tv""]",553
jezus,jesus,misc,Słowo: jezus.,Word: jesus.,"[""jesus""]",554
prawdą,truth,misc,Słowo: prawdą.,The word: truth.,"[""truth""]",555
systemu,system,misc,Słowo: systemu.,Word: system.,"[""system""]",556
taylor,taylor,misc,Słowo: taylor.,Word: taylor.,"[""taylor""]",557
zachowanie,behavior,noun,Widzę zachowanie tutaj.,I see the behavior here.,"[""behavior""]",558
wróciłeś,you're back,misc,Słowo: wróciłeś.,Word: you're back.,"[""you're back""]",559
mylisz,you are confusing,misc,Słowo: mylisz.,Word: you're wrong.,"[""you are confusing""]",560
dowiemy,let's find out,misc,Słowo: dowiemy.,Word: we will prove.,"[""let's find out""]",561
oddech,breath,misc,Słowo: oddech.,The word: breath.,"[""breath""]",562
chwile,moments,misc,Słowo: chwile.,The word: moments.,"[""moments""]",563
street,street,misc,Słowo: street.,Word: street.,"[""street""]",564
zbliża,brings  closer,misc,Słowo: zbliża.,Word: it's getting closer.,"[""brings  closer""]",565
strachu,fear,misc,Słowo: strachu.,The word: fear.,"[""fear""]",566
sean,sean,misc,Słowo: sean.,Word: sean.,"[""sean""]",567
wojnie,war,adverb,Mówię wojnie po polsku.,I speak war in Polish.,"[""war""]",568
przypadkiem,by chance,misc,Słowo: przypadkiem.,Word: by accident.,"[""by chance""]",569
prawdziwego,real,misc,Słowo: prawdziwego.,Word: real.,"[""real""]",570
duszy,soul,misc,Słowo: duszy.,Word: soul.,"[""soul""]",571
wiatr,wind,misc,Słowo: wiatr.,The word: wind.,"[""wind""]",572
pamiętać,remember,verb,Lubię pamiętać.,I like to remember.,"[""remember""]",573
zdjęć,photos,misc,Słowo: zdjęć.,Word: photos.,"[""photos""]",574
gadasz,talk,misc,Słowo: gadasz.,Word: you're talking.,"[""talk""]",575
lily,lily,misc,Słowo: lily.,Word: lily.,"[""lily""]",576
działania,actions,noun,To jest działania.,This is action.,"[""actions""]",577
klubie,club,misc,Słowo: klubie.,Word: club.,"[""club""]",578
dzwoń,call,misc,Słowo: dzwoń.,Word: call.,"[""call""]",579
książka,book,noun,To jest książka.,This is a book.,"[""book""]",580
sąd,court,misc,Słowo: sąd.,Word: court.,"[""court""]",581
znajdą,find,misc,Słowo: znajdą.,Word: they will find.,"[""find""]",582
zmarła,died,misc,Słowo: zmarła.,The word: deceased.,"[""died""]",583
drzwiami,door,misc,Słowo: drzwiami.,The word: door.,"[""door""]",584
skończyliśmy,finished,misc,Słowo: skończyliśmy.,Word: we're done.,"[""finished""]",585
zostałeś,you have been,misc,Słowo: zostałeś.,Word: you've stayed.,"[""you have been""]",586
szacunku,respect,misc,Słowo: szacunku.,The word: respect.,"[""respect""]",587
znacie,do you know,noun,Widzę znacie tutaj.,I see you know here.,"[""do you know""]",588
słyszał,heard,misc,Słowo: słyszał.,Word: heard.,"[""heard""]",589
kapitana,captain,adjective,To jest bardzo kapitana.,It is very captain.,"[""captain""]",590
wysłał,sent,misc,Słowo: wysłał.,Word: sent.,"[""sent""]",591
hotel,hotel,misc,Słowo: hotel.,Word: hotel.,"[""hotel""]",592
rąk,hands,misc,Słowo: rąk.,Word: hands.,"[""hands""]",593
pokonać,overcome,verb,Muszę pokonać dzisiaj.,I have to beat today.,"[""overcome""]",594
kolejną,another,misc,Słowo: kolejną.,Word: another.,"[""another""]",595
kawał,prank,misc,Słowo: kawał.,Word: prank.,"[""prank""]",596
bazy,bases,misc,Słowo: bazy.,Word: bases.,"[""bases""]",597
kochana,dear,adjective,To jest bardzo kochana.,It is much loved.,"[""dear""]",598
wybierasz,you choose,misc,Słowo: wybierasz.,Word: you choose.,"[""you choose""]",599
robert,robert,misc,Słowo: robert.,Word: robert.,"[""robert""]",600
nakaz,injunction,misc,Słowo: nakaz.,Word: injunction.,"[""injunction""]",601
darmo,free,misc,Słowo: darmo.,Word: free.,"[""free""]",602
matce,mother,misc,Słowo: matce.,Word: mother.,"[""mother""]",603
lewej,left,misc,Słowo: lewej.,Word: left.,"[""left""]",604
kartę,card,misc,Słowo: kartę.,Word: card.,"[""card""]",605
doprawdy,truly,misc,Słowo: doprawdy.,The word: dopeness.,"[""truly""]",606
jasno,bright,misc,Słowo: jasno.,Word: bright.,"[""bright""]",607
zejdź,go down,misc,Słowo: zejdź.,Word: get down.,"[""go down""]",608
uśmiech,smile,misc,Słowo: uśmiech.,The word: smile.,"[""smile""]",609
plecy,back,misc,Słowo: plecy.,The word: back.,"[""back""]",610
zginąć,perish,verb,Lubię zginąć.,I like to die.,"[""perish""]",611
zaszczyt,honor,misc,Słowo: zaszczyt.,Word: honor.,"[""honor""]",612
biedny,poor,adjective,To jest bardzo biedny.,It is very poor.,"[""poor""]",613
powtarzam,repeat,misc,Słowo: powtarzam.,Word: repeat.,"[""repeat""]",614
widzieliście,have you seen,noun,To jest widzieliście.,This is seen.,"[""have you seen""]",615
pełna,full,adjective,To jest bardzo pełna.,It is very full.,"[""full""]",616
używa,uses,adjective,To jest bardzo używa.,It is very much using.,"[""uses""]",617
pragnę,I would like to,misc,Słowo: pragnę.,Word: desire.,"[""i would like to""]",618
brawo,bravo,misc,Słowo: brawo.,Word: applause.,"[""bravo""]",619
wakacje,vacations,misc,Słowo: wakacje.,The word: vacation.,"[""vacations""]",620
strzelaj,shoot,misc,Słowo: strzelaj.,The word: shoot.,"[""shoot""]",621
pojadę,I'll go,misc,Słowo: pojadę.,Word: I will go.,"[""i'll go""]",622
wybaczcie,forgive,noun,To jest wybaczcie.,This is a pardon.,"[""forgive""]",623
plaży,beach,misc,Słowo: plaży.,Word: beach.,"[""beach""]",624
odpowiedzieć,reply,verb,Lubię odpowiedzieć.,I like to answer.,"[""reply""]",625
zabiją,kill,misc,Słowo: zabiją.,The word: they will kill.,"[""kill""]",626
ryby,fish,misc,Słowo: ryby.,The word: fish.,"[""fish""]",627
imienia,name,noun,To jest imienia.,This is the name.,"[""name""]",628
życzę,I wish,misc,Słowo: życzę.,Word: wish.,"[""i wish""]",629
chciałabyś,would like,misc,Słowo: chciałabyś.,Word: would like.,"[""would like""]",630
piwnicy,basement,misc,Słowo: piwnicy.,Word: basement.,"[""basement""]",631
interesujące,interesting,misc,Słowo: interesujące.,Word: interesting.,"[""interesting""]",632
alice,alice,misc,Słowo: alice.,Word: alice.,"[""alice""]",633
rozmawiamy,we talk,misc,Słowo: rozmawiamy.,Word: we're talking.,"[""we talk""]",634
okres,period,misc,Słowo: okres.,Word: period.,"[""period""]",635
odeszła,gone,misc,Słowo: odeszła.,The word: gone.,"[""gone""]",636
bohaterem,hero,misc,Słowo: bohaterem.,Word: hero.,"[""hero""]",637
anglii,england,misc,Słowo: anglii.,Word: anglia.,"[""england""]",638
kurde,chicken,misc,Słowo: kurde.,Word: chicken.,"[""chicken""]",639
ciśnienie,pressure,noun,Widzę ciśnienie tutaj.,I see the pressure here.,"[""pressure""]",640
przeżyć,experience,verb,Lubię przeżyć.,I like to experience.,"[""experience""]",641
wszedł,entered,misc,Słowo: wszedł.,The word: entered.,"[""entered""]",642
pogadamy,talk,misc,Słowo: pogadamy.,Word: we'll talk.,"[""talk""]",643
niebie,heaven,misc,Słowo: niebie.,Word: heaven.,"[""heaven""]",644
zostawcie,leave,noun,Widzę zostawcie tutaj.,I see leave it here.,"[""leave""]",645
niedobrze,not good,adverb,Mówię niedobrze po polsku.,I speak bad Polish.,"[""not good""]",646
chloe,chloe,misc,Słowo: chloe.,Word: chloe.,"[""chloe""]",647
zagrać,play,verb,Muszę zagrać dzisiaj.,I have to play today.,"[""play""]",648
detektywie,detective,adverb,Mówię detektywie po polsku.,I speak detective Polish.,"[""detective""]",649
piekła,hell,misc,Słowo: piekła.,The word: hells.,"[""hell""]",650
pełen,full,misc,Słowo: pełen.,Word: full.,"[""full""]",651
abby,abby,misc,Słowo: abby.,Word: abby.,"[""abby""]",652
przygotuj,prepare,misc,Słowo: przygotuj.,The word: prepare.,"[""prepare""]",653
uważać,beware,verb,Lubię uważać.,I like to pay attention.,"[""beware""]",654
połączenie,link,noun,Widzę połączenie tutaj.,I see the connection here.,"[""link""]",655
udać,pretend,verb,Lubię udać.,I like to pretend.,"[""pretend""]",656
napić,drink,verb,Lubię napić.,I like to drink.,"[""drink""]",657
cudowne,wonderful,adjective,To jest bardzo cudowne.,This is very wonderful.,"[""wonderful""]",658
wchodzę,enter,misc,Słowo: wchodzę.,The word: in.,"[""enter""]",659
trzymam,hold,misc,Słowo: trzymam.,Word: holding.,"[""hold""]",660
klient,customer,misc,Słowo: klient.,Word: customer.,"[""customer""]",661
zmęczona,tired,adjective,To jest bardzo zmęczona.,It is very tired.,"[""tired""]",662
romans,romance,misc,Słowo: romans.,The word: romance.,"[""romance""]",663
zauważyłem,spotted,misc,Słowo: zauważyłem.,Word: noticed.,"[""spotted""]",664
lesie,forest,misc,Słowo: lesie.,Word: forest.,"[""forest""]",665
boku,side,misc,Słowo: boku.,Word: side.,"[""side""]",666
łączy,links,misc,Słowo: łączy.,The word: connects.,"[""links""]",667
robin,robin,misc,Słowo: robin.,Word: robin.,"[""robin""]",668
zamierza,intends,misc,Słowo: zamierza.,Word: intends.,"[""intends""]",669
odpocząć,relax,verb,Muszę odpocząć dzisiaj.,I need to rest today.,"[""relax""]",670
przyjdź,come,misc,Słowo: przyjdź.,Word: come.,"[""come""]",671
zapytaj,ask,misc,Słowo: zapytaj.,Word: ask.,"[""ask""]",672
ciężki,severe,misc,Słowo: ciężki.,The word: heavy.,"[""severe""]",673
ręka,hand,noun,To jest ręka.,This is the hand.,"[""hand""]",674
filmie,video,misc,Słowo: filmie.,Word: film.,"[""video""]",675
stopy,feet,misc,Słowo: stopy.,Word: feet.,"[""feet""]",676
city,city,misc,Słowo: city.,Word: city.,"[""city""]",677
przerwę,break,misc,Słowo: przerwę.,The word: break.,"[""break""]",678
prysznic,shower,misc,Słowo: prysznic.,Word: shower.,"[""shower""]",679
połowa,half,adjective,To jest bardzo połowa.,This is very half.,"[""half""]",680
okropnie,awful,adverb,Mówię okropnie po polsku.,I speak terrible Polish.,"[""awful""]",681
ciele,body,misc,Słowo: ciele.,Word: body.,"[""body""]",682
szczery,sincere,misc,Słowo: szczery.,Word: sincere.,"[""sincere""]",683
amen,amen,misc,Słowo: amen.,Word: amen.,"[""amen""]",684
kochał,loved,misc,Słowo: kochał.,The word: loved.,"[""loved""]",685
zakupy,shopping,misc,Słowo: zakupy.,The word: shopping.,"[""shopping""]",686
klub,club,misc,Słowo: klub.,Word: club.,"[""club""]",687
szpital,hospital,misc,Słowo: szpital.,The word: hospital.,"[""hospital""]",688
programu,program,misc,Słowo: programu.,Word: program.,"[""program""]",689
czyste,clean,misc,Słowo: czyste.,Word: clean.,"[""clean""]",690
tez,also,misc,Słowo: tez.,Word: thesis.,"[""also""]",691
sądzi,judges,misc,Słowo: sądzi.,Word: judges.,"[""judges""]",692
zacznę,I'll start,misc,Słowo: zacznę.,Word: I will start.,"[""i'll start""]",693
śladów,traces,misc,Słowo: śladów.,The word: footprints.,"[""traces""]",694
szkołę,school,misc,Słowo: szkołę.,The word: school.,"[""school""]",695
własnych,own,misc,Słowo: własnych.,Word: own.,"[""own""]",696
kontynuować,continue,verb,Lubię kontynuować.,I like to continue.,"[""continue""]",697
smith,smith,misc,Słowo: smith.,Word: smith.,"[""smith""]",698
tajemnicy,secret,misc,Słowo: tajemnicy.,Word: secrecy.,"[""secret""]",699
anna,anna,adjective,To jest bardzo anna.,This is very anna.,"[""anna""]",700
wysoko,high,noun,Widzę wysoko tutaj.,I see high here.,"[""high""]",701
przyda,useful,misc,Słowo: przyda.,Word: useful.,"[""useful""]",702
kupił,bought,misc,Słowo: kupił.,The word: bought.,"[""bought""]",703
pozycji,position,misc,Słowo: pozycji.,Word: position.,"[""position""]",704
sił,forces,misc,Słowo: sił.,Word: forces.,"[""forces""]",705
thomas,thomas,misc,Słowo: thomas.,Word: thomas.,"[""thomas""]",706
biznes,business,misc,Słowo: biznes.,The word: business.,"[""business""]",707
wolałbym,I would prefer,misc,Słowo: wolałbym.,Word: would prefer.,"[""i would prefer""]",708
jackie,jackie,misc,Słowo: jackie.,Word: jackie.,"[""jackie""]",709
środek,measure,noun,To jest środek.,Here's the middle ground.,"[""measure""]",710
przeznaczenie,destination,noun,Widzę przeznaczenie tutaj.,I see destiny here.,"[""destination""]",711
skomplikowane,complicated,adjective,To jest bardzo skomplikowane.,This is very complicated.,"[""complicated""]",712
samolotu,aircraft,misc,Słowo: samolotu.,The word: airplane.,"[""aircraft""]",713
wielkiej,great,misc,Słowo: wielkiej.,Word: great.,"[""great""]",714
ostatniego,last,misc,Słowo: ostatniego.,Word: last.,"[""last""]",715
piersi,breasts,misc,Słowo: piersi.,Word: breasts.,"[""breasts""]",716
betty,betty,misc,Słowo: betty.,Word: betty.,"[""betty""]",717
łóżko,bed,noun,To jest łóżko.,This is a bed.,"[""bed""]",718
morderca,murderer,misc,Słowo: morderca.,The word: murderer.,"[""murderer""]",719
para,couple,misc,Słowo: para.,Word: couple.,"[""couple""]",720
sprawić,cause,verb,Lubię sprawić.,I like to make things happen.,"[""cause""]",721
tylu,so many,misc,Słowo: tylu.,Word: so many.,"[""so many""]",722
bar,bar,misc,Słowo: bar.,Word: bar.,"[""bar""]",723
nadziei,hope,misc,Słowo: nadziei.,The word: hope.,"[""hope""]",724
operację,operation,misc,Słowo: operację.,The word: operation.,"[""operation""]",725
robiła,made,misc,Słowo: robiła.,Word: she did.,"[""made""]",726
ważny,important,adjective,To jest bardzo ważny.,This is very important.,"[""important""]",727
potrafią,can,misc,Słowo: potrafią.,Word: they can.,"[""can""]",728
zakończyć,wrap up,verb,Lubię zakończyć.,I like to conclude.,"[""wrap up""]",729
al,al,misc,Słowo: al.,Word: al.,"[""al""]",730
niedawno,recently,misc,Słowo: niedawno.,Word: recent.,"[""recently""]",731
aresztowany,arrested,adjective,To jest bardzo aresztowany.,It is very arresting.,"[""arrested""]",732
wroga,enemy,misc,Słowo: wroga.,The word: enemy.,"[""enemy""]",733
dookoła,around,misc,Słowo: dookoła.,Word: all around.,"[""around""]",734
idiota,idiot,misc,Słowo: idiota.,Word: idiot.,"[""idiot""]",735
pomyłka,mistake,noun,To jest pomyłka.,This is a mistake.,"[""mistake""]",736
sieci,networks,misc,Słowo: sieci.,The word: networks.,"[""networks""]",737
skończyła,finished,misc,Słowo: skończyła.,The word: finished.,"[""finished""]",738
przyszłaś,you came,misc,Słowo: przyszłaś.,Word: you came.,"[""you came""]",739
molly,molly,misc,Słowo: molly.,Word: molly.,"[""molly""]",740
dotyczy,concerns,misc,Słowo: dotyczy.,Word: concerns.,"[""concerns""]",741
próba,test,misc,Słowo: próba.,Word: trial.,"[""test""]",742
pełno,full,misc,Słowo: pełno.,Word: full.,"[""full""]",743
nagranie,video,noun,To jest nagranie.,Here's the video.,"[""video""]",744
wziąłem,I took,misc,Słowo: wziąłem.,Word: took.,"[""i took""]",745
wierz,believe,misc,Słowo: wierz.,Word: believe.,"[""believe""]",746
piekło,hell,misc,Słowo: piekło.,The word: hell.,"[""hell""]",747
kolacji,dinners,misc,Słowo: kolacji.,The word: dinner.,"[""dinners""]",748
forsę,forum,misc,Słowo: forsę.,The word: money.,"[""forum""]",749
włosów,hair,misc,Słowo: włosów.,Word: hair.,"[""hair""]",750
samochodem,car,misc,Słowo: samochodem.,Word: by car.,"[""car""]",751
bilet,ticket,misc,Słowo: bilet.,The word: ticket.,"[""ticket""]",752
pozwólcie,let,noun,To jest pozwólcie.,This is let.,"[""let""]",753
słuchasz,you listen to,misc,Słowo: słuchasz.,Word: you're listening.,"[""you listen to""]",754
kłamiesz,lie,misc,Słowo: kłamiesz.,The word: lie.,"[""lie""]",755
dwaj,two,misc,Słowo: dwaj.,Word: two.,"[""two""]",756
huh,huh,misc,Słowo: huh.,Word: huh.,"[""huh""]",757
czekał,waited,misc,Słowo: czekał.,The word: waited.,"[""waited""]",758
żołnierzy,soldiers,misc,Słowo: żołnierzy.,Word: soldiers.,"[""soldiers""]",759
znieść,abolish,misc,Słowo: znieść.,The word: abolish.,"[""abolish""]",760
gratuluję,congratulations,misc,Słowo: gratuluję.,Word: congratulations.,"[""congratulations""]",761
miejsc,places,misc,Słowo: miejsc.,Word: places.,"[""places""]",762
pracujemy,we work,misc,Słowo: pracujemy.,Word: we are working.,"[""we work""]",763
złota,gold,misc,Słowo: złota.,The word: gold.,"[""gold""]",764
obrony,defenses,adjective,To jest bardzo obrony.,This is very defensive.,"[""defenses""]",765
sensie,sense,misc,Słowo: sensie.,Word: sense.,"[""sense""]",766
ust,mouth,misc,Słowo: ust.,Word: mouth.,"[""mouth""]",767
wpadł,dropped by,misc,Słowo: wpadł.,The word: rushed in.,"[""dropped by""]",768
is,is,misc,Słowo: is.,Word: is.,"[""is""]",769
raka,cancer,noun,To jest raka.,This is cancer.,"[""cancer""]",770
ramię,arm,misc,Słowo: ramię.,Word: arm.,"[""arm""]",771
nadzieje,hopes,misc,Słowo: nadzieje.,The word: hopes.,"[""hopes""]",772
połowie,half,adverb,Mówię połowie po polsku.,I speak half in Polish.,"[""half""]",773
rachunek,account,noun,Widzę rachunek tutaj.,I see the bill here.,"[""account""]",774
wpaść,come over,misc,Słowo: wpaść.,Word: drop in.,"[""come over""]",775
wstyd,shame,misc,Słowo: wstyd.,The word: shame.,"[""shame""]",776
skończyło,finished,misc,Słowo: skończyło.,The word: finished.,"[""finished""]",777
ślubu,wedding,misc,Słowo: ślubu.,Word: wedding.,"[""wedding""]",778
witajcie,welcome,noun,To jest witajcie.,This is a welcome development.,"[""welcome""]",779
dotąd,so far,misc,Słowo: dotąd.,Word: so far.,"[""so far""]",780
rozwiązanie,solution,noun,To jest rozwiązanie.,This is the solution.,"[""solution""]",781
miecz,sword,misc,Słowo: miecz.,Word: sword.,"[""sword""]",782
drużyna,team,adjective,To jest bardzo drużyna.,It is very much a team.,"[""team""]",783
las,forest,misc,Słowo: las.,The word: forest.,"[""forest""]",784
południu,South,misc,Słowo: południu.,Word: south.,"[""south""]",785
kamień,stone,misc,Słowo: kamień.,Word: stone.,"[""stone""]",786
zajmij,occupy,misc,Słowo: zajmij.,The word: occupy.,"[""occupy""]",787
komórki,cells,misc,Słowo: komórki.,The word: cells.,"[""cells""]",788
najgorsze,worst,misc,Słowo: najgorsze.,Word: worst.,"[""worst""]",789
ono,it,misc,Słowo: ono.,Word: it.,"[""it""]",790
pomimo,despite,misc,Słowo: pomimo.,Word: despite.,"[""despite""]",791
sędzia,judge,misc,Słowo: sędzia.,Word: judge.,"[""judge""]",792
jednostki,units,misc,Słowo: jednostki.,Word: individuals.,"[""units""]",793
załatwię,get,misc,Słowo: załatwię.,Word: get it done.,"[""get""]",794
nareszcie,finally,noun,Widzę nareszcie tutaj.,I see at last here.,"[""finally""]",795
prawej,right,misc,Słowo: prawej.,Word: right.,"[""right""]",796
zdaniem,according to,misc,Słowo: zdaniem.,The word: opinion.,"[""according to""]",797
kłamie,lies,misc,Słowo: kłamie.,The word: lies.,"[""lies""]",798
sypialni,bedrooms,misc,Słowo: sypialni.,The word: bedroom.,"[""bedrooms""]",799
carl,carl,misc,Słowo: carl.,Word: carl.,"[""carl""]",800
zasad,rules,misc,Słowo: zasad.,Word: principles.,"[""rules""]",801
mężczyzny,of men,adjective,To jest bardzo mężczyzny.,This is very male.,"[""of men""]",802
miej,have,misc,Słowo: miej.,Word: have.,"[""have""]",803
specjalnie,specially,adverb,Mówię specjalnie po polsku.,I speak specifically in Polish.,"[""specially""]",804
ruszamy,move,misc,Słowo: ruszamy.,Word: we're moving.,"[""move""]",805
starszy,senior,misc,Słowo: starszy.,Word: senior.,"[""senior""]",806
spotkaliśmy,we met,misc,Słowo: spotkaliśmy.,Word: we met.,"[""we met""]",807
stworzyć,develop,verb,Lubię stworzyć.,I like to create.,"[""develop""]",808
żonaty,married,misc,Słowo: żonaty.,Word: married.,"[""married""]",809
zostawiła,left,misc,Słowo: zostawiła.,The word: left.,"[""left""]",810
pyta,asks,misc,Słowo: pyta.,Word: asks.,"[""asks""]",811
strona,website,adjective,To jest bardzo strona.,This is very much a website.,"[""website""]",812
profesorze,Professor,adverb,Mówię profesorze po polsku.,I speak professor Polish.,"[""professor""]",813
dostaje,gets,misc,Słowo: dostaje.,The word: gets.,"[""gets""]",814
starym,old,misc,Słowo: starym.,Word: old.,"[""old""]",815
okiem,through the eye of,misc,Słowo: okiem.,Word: by eye.,"[""through the eye of""]",816
ludzkie,human,misc,Słowo: ludzkie.,Word: human.,"[""human""]",817
zespołu,team,misc,Słowo: zespołu.,Word: team.,"[""team""]",818
swojemu,its,misc,Słowo: swojemu.,Word: his own.,"[""its""]",819
dowiem,I will prove,misc,Słowo: dowiem.,Word: will prove.,"[""i will prove""]",820
poprosić,ask,verb,Lubię poprosić.,I like to ask.,"[""ask""]",821
łazienki,bathrooms,misc,Słowo: łazienki.,The word: bathrooms.,"[""bathrooms""]",822
zostawiłem,left,misc,Słowo: zostawiłem.,Word: left.,"[""left""]",823
zapomniałeś,you forgot,misc,Słowo: zapomniałeś.,Word: you forgot.,"[""you forgot""]",824
władzy,authority,misc,Słowo: władzy.,Word: power.,"[""authority""]",825
oby,may,misc,Słowo: oby.,Word: may.,"[""may""]",826
nagrodę,award,misc,Słowo: nagrodę.,Word: reward.,"[""award""]",827
cofnąć,retract,verb,Muszę cofnąć dzisiaj.,I have to go back today.,"[""retract""]",828
dumna,proud,adjective,To jest bardzo dumna.,It is very proud.,"[""proud""]",829
troche,bit,misc,Słowo: troche.,Word: a little.,"[""bit""]",830
rolę,role of,misc,Słowo: rolę.,Word: role.,"[""role of""]",831
stanów,states,misc,Słowo: stanów.,Word: states.,"[""states""]",832
szukałem,I was looking for,misc,Słowo: szukałem.,Word: sought.,"[""i was looking for""]",833
ed,ed,misc,Słowo: ed.,Word: ed.,"[""ed""]",834
ofiarą,victim,misc,Słowo: ofiarą.,The word: victim.,"[""victim""]",835
zabijesz,you will kill,misc,Słowo: zabijesz.,The word: kill.,"[""you will kill""]",836
starych,old,misc,Słowo: starych.,Word: old.,"[""old""]",837
tańczyć,dance,verb,Muszę tańczyć dzisiaj.,I have to dance today.,"[""dance""]",838
all,all,misc,Słowo: all.,Word: all.,"[""all""]",839
odwiedzić,visit,verb,Muszę odwiedzić dzisiaj.,I need to visit today.,"[""visit""]",840
rozmawiałam,interviewed,misc,Słowo: rozmawiałam.,Word: talked.,"[""interviewed""]",841
goście,visitors,noun,Widzę goście tutaj.,I see visitors here.,"[""visitors""]",842
szeryfie,sheriff,misc,Słowo: szeryfie.,Word: sheriff.,"[""sheriff""]",843
zabieraj,take,misc,Słowo: zabieraj.,Word: take away.,"[""take""]",844
umie,able,misc,Słowo: umie.,Word: can.,"[""able""]",845
simon,simon,misc,Słowo: simon.,Word: simon.,"[""simon""]",846
przyjdziesz,come,misc,Słowo: przyjdziesz.,Word: you will come.,"[""come""]",847
zadziała,will work,misc,Słowo: zadziała.,Word: it will work.,"[""will work""]",848
przeze,by me,misc,Słowo: przeze.,Word: by.,"[""by me""]",849
odpowiedz,reply,misc,Słowo: odpowiedz.,Word: answer.,"[""reply""]",850
cud,miracle,misc,Słowo: cud.,The word: miracle.,"[""miracle""]",851
grasz,you play,misc,Słowo: grasz.,Word: game.,"[""you play""]",852
sukces,success,misc,Słowo: sukces.,The word: success.,"[""success""]",853
zasługuje,deserves,misc,Słowo: zasługuje.,Word: deserves.,"[""deserves""]",854
niewinny,innocent,adjective,To jest bardzo niewinny.,It is very innocent.,"[""innocent""]",855
położyć,put down,verb,Muszę położyć dzisiaj.,I have to lay today.,"[""put down""]",856
znałem,I knew,misc,Słowo: znałem.,Word: knew.,"[""i knew""]",857
trzymał,held,misc,Słowo: trzymał.,The word: held.,"[""held""]",858
przystojny,handsome,adjective,To jest bardzo przystojny.,It is very handsome.,"[""handsome""]",859
wykonać,make,verb,Muszę wykonać dzisiaj.,I have to perform today.,"[""make""]",860
dali,dali,misc,Słowo: dali.,The word: dali.,"[""dali""]",861
dostała,got,misc,Słowo: dostała.,Word: she got it.,"[""got""]",862
książę,prince,misc,Słowo: książę.,Word: prince.,"[""prince""]",863
kolana,knees,adjective,To jest bardzo kolana.,It is very knee-jerk.,"[""knees""]",864
postawić,stake,verb,Lubię postawić.,I like to put.,"[""stake""]",865
wolna,free,adjective,To jest bardzo wolna.,It is very slow.,"[""free""]",866
suka,bitch,noun,Widzę suka tutaj.,I see a bitch here.,"[""bitch""]",867
złoto,gold,misc,Słowo: złoto.,The word: gold.,"[""gold""]",868
bogiem,god,misc,Słowo: bogiem.,The word: god.,"[""god""]",869
dean,dean,misc,Słowo: dean.,Word: dean.,"[""dean""]",870
palców,fingers,misc,Słowo: palców.,Word: fingers.,"[""fingers""]",871
wyłącz,switch off,misc,Słowo: wyłącz.,Word: shut down.,"[""switch off""]",872
litość,mercy,noun,To jest litość.,This is a pity party.,"[""mercy""]",873
dachu,roof,misc,Słowo: dachu.,Word: roof.,"[""roof""]",874
tysiąc,thousand,misc,Słowo: tysiąc.,The word: thousand.,"[""thousand""]",875
królową,queen,misc,Słowo: królową.,Word: queen.,"[""queen""]",876
okna,windows,adjective,To jest bardzo okna.,This is very much a window.,"[""windows""]",877
złą,bad,misc,Słowo: złą.,The word: bad.,"[""bad""]",878
szukają,seek,misc,Słowo: szukają.,The word: they are looking for.,"[""seek""]",879
uderzył,hit,misc,Słowo: uderzył.,The word: struck.,"[""hit""]",880
wszelkie,any,misc,Słowo: wszelkie.,Word: any.,"[""any""]",881
siedział,sat,misc,Słowo: siedział.,The word: sat.,"[""sat""]",882
drzewa,trees,adjective,To jest bardzo drzewa.,It is very tree.,"[""trees""]",883
sprawiedliwości,justice,misc,Słowo: sprawiedliwości.,Word: justice.,"[""justice""]",884
rzeczach,stuff,misc,Słowo: rzeczach.,Word: stuff.,"[""stuff""]",885
hank,hank,misc,Słowo: hank.,Word: hank.,"[""hank""]",886
odsuń,offset,misc,Słowo: odsuń.,The word: push back.,"[""offset""]",887
sara,sara,misc,Słowo: sara.,Word: sara.,"[""sara""]",888
ciemności,darkness,misc,Słowo: ciemności.,The word: darkness.,"[""darkness""]",889
głównie,mainly,adverb,Mówię głównie po polsku.,I speak mostly Polish.,"[""mainly""]",890
meksyku,mexico,misc,Słowo: meksyku.,Word: mexico.,"[""mexico""]",891
szansy,chance,misc,Słowo: szansy.,The word: opportunity.,"[""chance""]",892
typu,type,misc,Słowo: typu.,Word: type.,"[""type""]",893
bronić,defend,verb,Lubię bronić.,I like to defend.,"[""defend""]",894
prędzej,sooner,misc,Słowo: prędzej.,Word: sooner.,"[""sooner""]",895
francji,france,misc,Słowo: francji.,Word: france.,"[""france""]",896
miami,miami,misc,Słowo: miami.,Word: miami.,"[""miami""]",897
skończę,finish,misc,Słowo: skończę.,Word: I'll finish.,"[""finish""]",898
przerwy,breaks,adjective,To jest bardzo przerwy.,This is very much a break.,"[""breaks""]",899
zaczynasz,start,misc,Słowo: zaczynasz.,Word: you're getting started.,"[""start""]",900
zastanawiałem,wondered,misc,Słowo: zastanawiałem.,Word: wondered.,"[""wondered""]",901
zabawny,hilarious,adjective,To jest bardzo zabawny.,This is very entertaining.,"[""hilarious""]",902
punktu,point,misc,Słowo: punktu.,Word: points.,"[""point""]",903
ważnego,important,misc,Słowo: ważnego.,Word: important.,"[""important""]",904
filmy,videos,misc,Słowo: filmy.,Word: movies.,"[""videos""]",905
urządzenie,device,noun,Widzę urządzenie tutaj.,I see the device here.,"[""device""]",906
poprzednio,previously,misc,Słowo: poprzednio.,Word: previously.,"[""previously""]",907
nienawidzi,hates,misc,Słowo: nienawidzi.,The word: hates.,"[""hates""]",908
oddział,branch,misc,Słowo: oddział.,Word: branch.,"[""branch""]",909
lady,counters,misc,Słowo: lady.,Word: counters.,"[""counters""]",910
piwa,beers,adjective,To jest bardzo piwa.,This is very beer.,"[""beers""]",911
zwrócić,return,verb,Lubię zwrócić.,I like to return.,"[""return""]",912
brakowało,lacked,misc,Słowo: brakowało.,Word: it was missing.,"[""lacked""]",913
krwią,blood,misc,Słowo: krwią.,The word: blood.,"[""blood""]",914
martwa,dead,adjective,To jest bardzo martwa.,It is very much a dead giveaway.,"[""dead""]",915
czekałem,waited,misc,Słowo: czekałem.,Word: waited.,"[""waited""]",916
winien,owe,misc,Słowo: winien.,Word: guilty.,"[""owe""]",917
taniec,dance,misc,Słowo: taniec.,The word: dance.,"[""dance""]",918
miesiącu,month,misc,Słowo: miesiącu.,Word: month.,"[""month""]",919
majorze,Major,adverb,Mówię majorze po polsku.,I speak major Polish.,"[""major""]",920
sukinsyn,succinct,misc,Słowo: sukinsyn.,Word: son of a bitch.,"[""succinct""]",921
musieliśmy,we had to,misc,Słowo: musieliśmy.,Word: we had to.,"[""we had to""]",922
phil,phil,misc,Słowo: phil.,Word: phil.,"[""phil""]",923
rusz,start,misc,Słowo: rusz.,Word: move.,"[""start""]",924
ściany,walls,adjective,To jest bardzo ściany.,It is very much a wall.,"[""walls""]",925
dowiedział,learned,misc,Słowo: dowiedział.,Word: proved.,"[""learned""]",926
gliną,with clay,misc,Słowo: gliną.,The word: clay.,"[""with clay""]",927
klienta,customer,misc,Słowo: klienta.,Word: customer.,"[""customer""]",928
słyszy,hears,misc,Słowo: słyszy.,Word: hearsay.,"[""hears""]",929
zdejmij,take down,misc,Słowo: zdejmij.,Word: remove.,"[""take down""]",930
pozwolenie,permit,noun,To jest pozwolenie.,This is a permit.,"[""permit""]",931
świadków,witnesses,misc,Słowo: świadków.,Word: witnesses.,"[""witnesses""]",932
odrobinę,dash,misc,Słowo: odrobinę.,Word: a little bit.,"[""dash""]",933
polega,consists of,misc,Słowo: polega.,The word: relies.,"[""consists of""]",934
your,your,misc,Słowo: your.,Word: your.,"[""your""]",935
porze,time,adverb,Mówię porze po polsku.,I speak pores in Polish.,"[""time""]",936
ważna,important,adjective,To jest bardzo ważna.,This is very important.,"[""important""]",937
dzwonić,call,verb,Muszę dzwonić dzisiaj.,I have to call today.,"[""call""]",938
odbiór,reception,misc,Słowo: odbiór.,The word: reception.,"[""reception""]",939
żonie,wife,adverb,Mówię żonie po polsku.,I tell my wife in Polish.,"[""wife""]",940
królowa,queen,adjective,To jest bardzo królowa.,It is very queenly.,"[""queen""]",941
dziewięć,nine,misc,Słowo: dziewięć.,Word: nine.,"[""nine""]",942
rzeki,rivers,misc,Słowo: rzeki.,Word: rivers.,"[""rivers""]",943
jackson,jackson,misc,Słowo: jackson.,Word: jackson.,"[""jackson""]",944
funtów,pounds,misc,Słowo: funtów.,Word: pounds.,"[""pounds""]",945
opowiedzieć,tell,verb,Lubię opowiedzieć.,I like to tell the story.,"[""tell""]",946
marzenia,dreams,noun,Widzę marzenia tutaj.,I see the dreams here.,"[""dreams""]",947
autobus,bus,misc,Słowo: autobus.,The word: bus.,"[""bus""]",948
mile,miles,misc,Słowo: mile.,Word: miles.,"[""miles""]",949
wywiad,interview,misc,Słowo: wywiad.,Word: interview.,"[""interview""]",950
ostrożny,cautious,adjective,To jest bardzo ostrożny.,This is a very cautious one.,"[""cautious""]",951
naszymi,our,misc,Słowo: naszymi.,Word: ours.,"[""our""]",952
piosenka,song,noun,To jest piosenka.,This is a song.,"[""song""]",953
święty,saint,misc,Słowo: święty.,Word: saint.,"[""saint""]",954
odnośnie,regarding,adverb,Mówię odnośnie po polsku.,I am speaking with regard to Polish.,"[""regarding""]",955
dar,gift,misc,Słowo: dar.,Word: gift.,"[""gift""]",956
operacja,operation,misc,Słowo: operacja.,The word: operation.,"[""operation""]",957
znalazłaś,found,misc,Słowo: znalazłaś.,Word: you found it.,"[""found""]",958
zegarek,watch,noun,Widzę zegarek tutaj.,I see the watch here.,"[""watch""]",959
przenieść,relocate,misc,Słowo: przenieść.,Word: move.,"[""relocate""]",960
jemu,him,misc,Słowo: jemu.,Word: him.,"[""him""]",961
pojedziemy,we'll go,misc,Słowo: pojedziemy.,The word: we will go.,"[""we'll go""]",962
obrazy,images,misc,Słowo: obrazy.,Word: images.,"[""images""]",963
ameryce,america,misc,Słowo: ameryce.,Word: america.,"[""america""]",964
niemal,almost,misc,Słowo: niemal.,Word: almost.,"[""almost""]",965
czerwone,red,adjective,To jest bardzo czerwone.,It is very red.,"[""red""]",966
przyszło,came,misc,Słowo: przyszło.,The word: came.,"[""came""]",967
pośpiesz,hurry,misc,Słowo: pośpiesz.,Word: hurry.,"[""hurry""]",968
wodą,water,misc,Słowo: wodą.,Word: water.,"[""water""]",969
trzymajcie,keep,noun,To jest trzymajcie.,It's a keeper.,"[""keep""]",970
firmę,company,misc,Słowo: firmę.,Word: company.,"[""company""]",971
usłyszałem,heard,misc,Słowo: usłyszałem.,Word: heard.,"[""heard""]",972
herbaty,teas,misc,Słowo: herbaty.,Word: teas.,"[""teas""]",973
maria,maria,misc,Słowo: maria.,Word: maria.,"[""maria""]",974
twego,your,misc,Słowo: twego.,Word: your.,"[""your""]",975
pokaz,show,misc,Słowo: pokaz.,Word: show.,"[""show""]",976
większy,greater,misc,Słowo: większy.,Word: bigger.,"[""greater""]",977
szczegóły,details,misc,Słowo: szczegóły.,Word: details.,"[""details""]",978
twarzą,face,misc,Słowo: twarzą.,Word: face.,"[""face""]",979
zdjąć,take off,verb,Lubię zdjąć.,I like to take off.,"[""take off""]",980
szalone,crazy,adjective,To jest bardzo szalone.,This is very crazy.,"[""crazy""]",981
mogły,may have,misc,Słowo: mogły.,Word: could.,"[""may have""]",982
pieprz,pepper,misc,Słowo: pieprz.,The word: pepper.,"[""pepper""]",983
sprawach,matters,misc,Słowo: sprawach.,Word: cases.,"[""matters""]",984
gary,gary,misc,Słowo: gary.,Word: gary.,"[""gary""]",985
widzieli,seen,misc,Słowo: widzieli.,The word: they saw.,"[""seen""]",986
wziąłeś,you took,misc,Słowo: wziąłeś.,Word: you took.,"[""you took""]",987
dziwka,whore,noun,Widzę dziwka tutaj.,I see the oddity here.,"[""whore""]",988
zło,evil,misc,Słowo: zło.,The word: evil.,"[""evil""]",989
wdzięczny,grateful,adjective,To jest bardzo wdzięczny.,It is very grateful.,"[""grateful""]",990
zainteresowany,interested,adjective,To jest bardzo zainteresowany.,This is of great interest.,"[""interested""]",991
podobne,similar,adjective,To jest bardzo podobne.,This is very similar.,"[""similar""]",992
plus,plus,misc,Słowo: plus.,Word: plus.,"[""plus""]",993
spod,from under,misc,Słowo: spod.,Word: from under.,"[""from under""]",994
synchro,synchro,misc,Słowo: synchro.,Word: synchro.,"[""synchro""]",995
pozwolił,allowed,misc,Słowo: pozwolił.,Word: allowed.,"[""allowed""]",996
prosił,asked,misc,Słowo: prosił.,The word: asked.,"[""asked""]",997
rada,council,misc,Słowo: rada.,Word: advice.,"[""council""]",998
miejscach,sites,misc,Słowo: miejscach.,Word: places.,"[""sites""]",999
praktycznie,virtually,adverb,Mówię praktycznie po polsku.,I speak practically Polish.,"[""virtually""]",1000
